date,num_patients_admitted,avg_length_of_stay,avg_lab_result_score,hospital_resource_utilization,readmission_rate
2020-01-01,96,6.429704950869867,72.69949555998495,0.3107098095666087,0.11170728718443836
2020-01-02,107,5.430686247802736,88.12234793374341,0.45579224510356015,0.11314541062627013
2020-01-03,88,4.0813439380393435,56.30010139319971,0.3397381430938469,0.05
2020-01-04,103,5.542255287809152,59.82096079360087,0.4747323593786937,0.05611597124487139
2020-01-05,111,3.2844106890190075,97.5722412831546,0.4413570274259468,0.154602413418642
2020-01-06,90,5.162839558664785,58.77458136906787,0.31757399501761013,0.06940020735688385
2020-01-07,94,4.950155014033308,78.38636589655273,0.2410887375312595,0.10103657817126704
2020-01-08,98,4.687824714091191,78.96572333309689,0.38234674510301847,0.11805425534210325
2020-01-09,103,4.807193732841604,74.48122310251225,0.5248883508372989,0.1010421658588056
2020-01-10,94,3.0,82.23726242884092,0.2926053641365507,0.12432697981187793
2020-01-11,99,4.176912638388558,61.49133628988092,0.3482838477254209,0.05
2020-01-12,90,5.1392673517116725,77.63311338883742,0.338201489078643,0.10126598793383301
2020-01-13,103,5.239784587996101,68.60866276234486,0.35285992423951773,0.09298561030178908
2020-01-14,103,3.458487288611063,83.08336298145946,0.3983622485057481,0.12079573847073481
2020-01-15,94,6.898561761297051,57.06117716865747,0.36982205687908765,0.05
2020-01-16,105,3.7007377276782485,78.54387084197381,0.41828570761552986,0.09874225101967998
2020-01-17,86,6.454185800790105,59.263517769166185,0.24820150063945143,0.0639253088499297
2020-01-18,92,5.640791542807527,63.93215315575182,0.3572092855157517,0.07837805939675899
2020-01-19,94,4.0306590352342955,60.93549001617916,0.3610773041768281,0.05
2020-01-20,101,7.662966338914268,59.14188899344086,0.4233409198147701,0.05
2020-01-21,103,3.20954475236528,91.28554757803334,0.4130438860364981,0.1451365983532968
2020-01-22,84,6.378731260415002,64.28537838304452,0.2585030557634478,0.0625465845517688
2020-01-23,76,6.500873477064467,96.35618909322247,0.2,0.15139954668376562
2020-01-24,97,3.994069686385033,98.49632626725955,0.3928902804962892,0.1371360679838624
2020-01-25,111,7.088697950096494,78.56302349685487,0.48515339874410107,0.12927236884302448
2020-01-26,93,4.6249302281015705,57.15005613328632,0.32087155128102296,0.05
2020-01-27,87,5.4330404439197855,68.72741216897907,0.2205021103723993,0.08109087491941364
2020-01-28,108,5.390482758156831,89.8866131674107,0.47824961949968825,0.1605024969226439
2020-01-29,106,4.798536887794178,68.36953643485353,0.4194499568185578,0.08547454057376222
2020-01-30,108,6.216212409739673,54.350860915139435,0.4242976774919004,0.06029664522133584
2020-01-31,96,6.190233080828319,77.8392455464094,0.37293305739276944,0.10054154732169984
2020-02-01,113,3.0,92.25604257480174,0.540636988792883,0.1414226214848656
2020-02-02,95,6.956510364317229,89.79631935717512,0.38914368674742866,0.13800437614363137
2020-02-03,94,3.0,58.75615700651766,0.31844372152124506,0.05
2020-02-04,107,6.5488193065124864,83.63823072062334,0.49040264234183784,0.1311726301567657
2020-02-05,114,6.690057705241375,61.025213171782354,0.5675398786136832,0.07279206441418465
2020-02-06,86,3.3635503546772028,60.91037672760861,0.2822386903915797,0.05000452076763083
2020-02-07,108,4.383778568068123,93.70358866525926,0.43871731585989293,0.15926373021891757
2020-02-08,108,3.3414429972710966,62.48344763701151,0.48746817411355947,0.06119195922877896
2020-02-09,101,4.677618454566897,63.16236732590056,0.4282070148027331,0.08442448102436759
2020-02-10,94,4.537948573721388,50.03266953806498,0.34035892334539714,0.05
2020-02-11,116,6.169490798404009,93.53345170627588,0.45567611708144584,0.15203758210418392
2020-02-12,97,6.965463119179413,89.62974066045673,0.378024481198674,0.15617737373043136
2020-02-13,91,7.093525716184934,81.3664467545339,0.42062655196986215,0.12154416857313094
2020-02-14,94,4.156747960132547,87.51328819694211,0.32199803656215087,0.14814321207585443
2020-02-15,118,4.686167189383208,57.60242837122459,0.543596145107234,0.05
2020-02-16,104,3.0,72.91617972937877,0.4586674279855699,0.07809277550939642
2020-02-17,110,3.791194900255717,67.56096936743904,0.5156189105233285,0.06692572539208454
2020-02-18,115,6.447277449646187,54.68882631285082,0.6096367582708208,0.05348704042149981
2020-02-19,94,7.423374235322347,74.3065242607462,0.27710659220455564,0.10845897412653549
2020-02-20,91,3.148476692180117,96.03698251713178,0.3465690126287497,0.1474366628109921
2020-02-21,110,4.1113036112706585,52.00295595253473,0.5295211030625732,0.05
2020-02-22,98,4.96039136456161,64.5730456746897,0.3728926731529727,0.059959395440259626
2020-02-23,86,5.42024173822941,60.37704681028517,0.2769343658960845,0.05858800986233251
2020-02-24,121,3.7855947201175306,61.907332683284814,0.6614728740799178,0.061173033166544405
2020-02-25,100,5.636091566696135,95.42172759396877,0.4436157690014225,0.14813228951121624
2020-02-26,96,4.289240979393626,73.40345271171451,0.3028490343963136,0.09645916804617091
2020-02-27,127,4.9783215936825815,73.31497064699094,0.7110079093377742,0.08428544315458125
2020-02-28,100,5.819426372005549,88.02878212276411,0.3967655697483741,0.15141130603666011
2020-02-29,93,5.009633404716407,57.72461020024629,0.3336437049007758,0.05
2020-03-01,103,4.345421164210147,74.36326770500254,0.4336598495500848,0.10174459925454697
2020-03-02,78,4.835585294111254,71.49926070605298,0.2,0.09973403925166234
2020-03-03,116,4.867455561191997,79.8455345273328,0.6195853748553533,0.12248824664428645
2020-03-04,88,4.444983455176809,99.97788516252193,0.2758141020075394,0.17467173924583088
2020-03-05,105,4.611805905999346,88.47244470410234,0.3940226935808416,0.13616335421300677
2020-03-06,92,7.3979707557570755,69.89328515087136,0.3003235072015136,0.09090551346805104
2020-03-07,96,5.841379171911858,91.37765261370234,0.36893473584052383,0.16805020060883735
2020-03-08,104,4.556779522956259,58.53541816562401,0.5014607392148526,0.05
2020-03-09,84,6.045431606766103,51.523184315448006,0.2701547342474417,0.05
2020-03-10,95,4.499270765365985,60.222418623213656,0.3074732360626478,0.0598172990467992
2020-03-11,105,6.759686956379962,67.02057780571297,0.5742594958339446,0.07689880016717379
2020-03-12,100,5.554463288297141,75.529037872978,0.413238765548899,0.09485879508575842
2020-03-13,104,4.839046783993656,80.75645702706,0.5037695368999507,0.10202856237945063
2020-03-14,106,5.671575388715416,95.53028586072108,0.45241427832113856,0.16011963613113514
2020-03-15,120,3.0,75.49270047752289,0.6266679622352725,0.09065095119360375
2020-03-16,95,3.309848796635292,75.06378223128647,0.39197342522592027,0.09417150795364285
2020-03-17,118,3.209112490401417,52.51215049114911,0.6409097355877129,0.05
2020-03-18,92,5.21441464214556,51.74557763281119,0.37286841526891124,0.05
2020-03-19,110,7.598772499227637,77.5579980958186,0.5436098500036489,0.1187591345880622
2020-03-20,101,8.34695021928895,71.90893066241722,0.3942456634402946,0.1054795863198992
2020-03-21,84,5.957076652161136,91.95901974901493,0.21141269790219694,0.1607640171970023
2020-03-22,115,5.751266712416685,58.033979235592255,0.5666303755162099,0.0655839728981459
2020-03-23,95,3.0,51.24858310585248,0.3966564036170535,0.05
2020-03-24,114,4.185989300398967,72.45193839650629,0.5288639649611697,0.08359445314940962
2020-03-25,104,3.8183243721376416,61.873927837612875,0.49325859828571933,0.05
2020-03-26,89,4.068728602623326,52.480718666941875,0.362630837274309,0.05
2020-03-27,103,4.747784272122816,86.22991434238145,0.38418395404632905,0.13909136110819367
2020-03-28,85,4.291864133454309,55.579649997862376,0.208153964810186,0.05
2020-03-29,101,3.0,80.41597500038858,0.4029812470547332,0.11202156025223238
2020-03-30,104,6.121865384176301,64.05248750834446,0.45538063340945983,0.07148019498239433
2020-03-31,106,3.3908854613902903,58.674802517751104,0.43377164931164747,0.05704818231912227
2020-04-01,95,5.3588702961667245,68.98757614596587,0.4176101339433573,0.07891589497288308
2020-04-02,104,8.11112400462496,90.07228881114769,0.4612033430759226,0.1703251788286399
2020-04-03,105,3.620923112620365,69.60467884522863,0.451972352412037,0.0765312231488923
2020-04-04,84,3.0,87.53848246055279,0.2,0.121531939734865
2020-04-05,93,4.570993667179834,56.27431483995753,0.26420920917862467,0.05
2020-04-06,115,6.651439452497857,88.63857098325396,0.5640504625140904,0.15326927139909108
2020-04-07,109,7.937521181330891,61.84666624533243,0.3833702186922582,0.078797332235321
2020-04-08,102,3.1556756083213746,83.86965649444363,0.4706318704822036,0.11820013174549976
2020-04-09,90,5.745048834854782,78.28907774204981,0.292092307781384,0.11321354658325505
2020-04-10,93,4.30203431482992,96.45723586058438,0.49215464847973667,0.18476559908460713
2020-04-11,104,4.841077468543796,69.3661258987657,0.5553958125308055,0.09414633149097783
2020-04-12,117,8.966515020525552,53.30825944172202,0.5609275465376242,0.061985622377648944
2020-04-13,98,3.0,50.95777427756264,0.37468314987343426,0.05
2020-04-14,94,5.38060949224186,91.34292804863765,0.3897790757001015,0.16100340361308896
2020-04-15,112,5.70153975764815,76.23678188307161,0.6051586304959019,0.11239799220137012
2020-04-16,89,6.628679487409021,88.76220259174747,0.2080985471281992,0.14969205274002786
2020-04-17,119,5.1469747302063436,61.72128000057573,0.5006812267322658,0.05786307040009976
2020-04-18,102,5.462075809256153,67.25418727566168,0.388898259722281,0.07826376749663894
2020-04-19,87,4.412527148867313,51.50519361056595,0.29913687915869325,0.05
2020-04-20,113,5.403690411867661,98.07461622870561,0.5548436795253799,0.17334830913843155
2020-04-21,106,4.485211586753884,83.39339533504068,0.5134885727491926,0.11772148313778787
2020-04-22,96,5.932357834784076,96.66025438796531,0.30001512358173466,0.18556925232064517
2020-04-23,110,4.445584495934549,63.274820371453615,0.38419280685155616,0.062245824302151136
2020-04-24,100,5.56565059085328,80.57318056128304,0.4429007097651073,0.10765816044276591
2020-04-25,110,4.956105779472533,83.92499841463189,0.45859018635173826,0.12605672259997713
2020-04-26,106,6.689075376158252,65.87748501287942,0.3590756067805681,0.07061662106880448
2020-04-27,114,4.922909414617271,92.40546175078151,0.5472531872979691,0.15656500648255553
2020-04-28,96,3.0,97.35807314501238,0.39965878441093394,0.15998369307843202
2020-04-29,102,6.892882251070987,94.24275588480022,0.4138971433939362,0.17677107522083826
2020-04-30,99,3.641401548706072,86.95334879696863,0.36710758069087557,0.1211582362174906
2020-05-01,93,4.019350492026771,63.8732339862477,0.3220318883927047,0.06205653538115841
2020-05-02,69,4.106508058934762,64.08080210528159,0.2,0.05
2020-05-03,111,7.061657139756226,98.1680160223019,0.44259764440299165,0.18682728158493397
2020-05-04,87,3.0,50.5142247967846,0.23426596615047843,0.05
2020-05-05,108,9.70662280048999,85.80249866210723,0.5060639952506908,0.16089866019904733
2020-05-06,104,6.584085213599078,85.31230812776312,0.456083927068825,0.13887354076485417
2020-05-07,78,5.334858371193739,81.13447704748987,0.2,0.12422545190632621
2020-05-08,101,4.91765899907557,99.50544230434329,0.36024257590733105,0.1891480129914937
2020-05-09,100,5.428331112286485,65.59397178818627,0.3909248418932167,0.07107262835557109
2020-05-10,109,5.781683642569007,66.99859318966242,0.3811467476778573,0.08129064961893312
2020-05-11,98,5.967823378925085,53.946970147327775,0.3889238331942695,0.05
2020-05-12,111,5.833406699005173,72.13990682718688,0.5814428853906783,0.08690414436060317
2020-05-13,97,5.134371021882873,63.05242631174241,0.29629339339789473,0.06580726697557467
2020-05-14,88,4.7039923695390105,67.16933510888221,0.25070361633411226,0.08606730264136075
2020-05-15,101,4.773090074519732,91.72858951278138,0.4264553389355065,0.14648841066842708
2020-05-16,105,4.707637579470979,96.77422567637478,0.5126421317213742,0.161501699633358
2020-05-17,102,6.700655145300597,59.286653600259285,0.3975887691849926,0.057294384082237096
2020-05-18,98,5.890335083421293,68.6254465776733,0.3453874835367052,0.07998044844168314
2020-05-19,96,3.0,96.4315281057697,0.26155384287919586,0.15724429887439734
2020-05-20,76,5.9838511647946415,53.09042303446113,0.2,0.05
2020-05-21,112,5.292104292078163,54.618026405568926,0.6221038020071872,0.05312399644376488
2020-05-22,99,4.971936865331154,58.13954946031147,0.4038679230982338,0.05
2020-05-23,100,4.417222320366672,79.76064170634373,0.39888605104081437,0.11858707157524598
2020-05-24,89,6.68616907997902,57.52361355029987,0.3061041155383493,0.05
2020-05-25,97,6.421289693184287,98.40381907253668,0.3694453998025699,0.18400630698899365
2020-05-26,104,3.8406834982645863,72.33572636292601,0.3993492813869935,0.09293004265824595
2020-05-27,96,5.610578430686803,75.07589801750832,0.4011639957838853,0.10712260692601797
2020-05-28,100,3.542514898188071,62.332930790270325,0.41128807615558777,0.05
2020-05-29,105,3.0,73.54801262173667,0.45088066259668286,0.0881395197611908
2020-05-30,81,4.059924163115053,83.09568163185057,0.2,0.10775610386378308
2020-05-31,120,6.293590208574138,87.55885684770215,0.6651753965967381,0.14161688903501526
2020-06-01,97,6.42968756806413,87.69340413549565,0.4032351372666555,0.15552278125636088
2020-06-02,99,5.769628130145939,78.89455563470442,0.3623539581316349,0.12349882682555037
2020-06-03,120,6.087643680271996,95.21798874969286,0.6500912426840969,0.1662440140758429
2020-06-04,90,5.774267430672437,90.87039236530546,0.2751214580807397,0.14173444849005015
2020-06-05,85,4.037777607165571,87.85240573493127,0.21089982537444815,0.1402019823623636
2020-06-06,84,5.647883817010911,52.78027608402303,0.20201484412598567,0.05
2020-06-07,82,6.200614287841523,50.343898110982465,0.2,0.05
2020-06-08,112,6.131436994720362,60.62236385977365,0.5435771190209103,0.07035057481608793
2020-06-09,110,6.783370057211965,83.17617969567262,0.4084427560830825,0.13320306103438076
2020-06-10,86,6.062455770801596,70.55987444412729,0.2,0.10401641466622057
2020-06-11,104,5.527172311312374,70.12031296496559,0.3362205995460733,0.0770440952630306
2020-06-12,107,6.605225357474641,94.2293444114807,0.46569651536045537,0.1339471218898553
2020-06-13,93,4.96021811112641,94.77814240659194,0.3224839769864064,0.1619263563588597
2020-06-14,108,3.6771880231584233,95.45876320267928,0.46366518934068185,0.1576778664906497
2020-06-15,96,4.755399554084354,65.69390382575136,0.3078711152664712,0.05395199297161134
2020-06-16,95,3.8826460327903263,84.5527906369631,0.29138831232816803,0.11328660661617485
2020-06-17,112,3.987232587538428,63.58165906371848,0.5432184931773287,0.08823331756604662
2020-06-18,108,4.783221993926723,59.53049165372249,0.4524724034145757,0.05
2020-06-19,85,3.811370118500058,59.23162286736846,0.2658179160768072,0.05406130895836783
2020-06-20,100,4.53805770554144,67.1053810431797,0.3557375656937889,0.06749983338356247
2020-06-21,95,3.0,71.49788098899108,0.35905313713855413,0.0585906139784417
2020-06-22,97,5.319940561059408,91.54745855275343,0.43516390186580317,0.14953949599559824
2020-06-23,116,5.001808213043336,55.994554673635605,0.5893082900196392,0.05
2020-06-24,95,3.774367053397714,86.74629236974471,0.329379309089176,0.12511192998953896
2020-06-25,123,5.988868502648607,76.57274570946527,0.6428599485177964,0.10851617128657491
2020-06-26,104,6.406355206439837,64.39726713379963,0.4279667412734893,0.07786626015005445
2020-06-27,94,3.0,74.64097922664124,0.34039400923473645,0.08742176816738566
2020-06-28,105,3.8559128321506786,64.99710348885114,0.43371944739257484,0.05163081294783317
2020-06-29,109,3.8462864753190527,79.8040977619153,0.48178323970573045,0.11350557357796057
2020-06-30,84,3.590145348336703,71.69219614276221,0.25060466765370876,0.06353359761674592
2020-07-01,79,6.244212262897623,58.22027645394394,0.2,0.05
2020-07-02,98,4.709260791840794,55.829153727784835,0.32920605865050107,0.05
2020-07-03,96,4.603227738034084,77.33478410360651,0.2905728723084395,0.11009069372234352
2020-07-04,88,3.0,95.12065166430517,0.2,0.14978800134217515
2020-07-05,103,5.95312704531384,67.19788432788428,0.3691358653889761,0.06740480316267133
2020-07-06,83,3.141112407719791,86.65000536113115,0.23797312534020648,0.11857646871525165
2020-07-07,82,5.089898945399493,82.93306774698834,0.2,0.12162123049109745
2020-07-08,106,5.416065406937287,96.57774571547405,0.4856807232115548,0.15085462449536746
2020-07-09,96,7.040987893757976,91.04905086495705,0.36173568743762813,0.15096180548342872
2020-07-10,96,3.0367694013213318,78.33026294527315,0.26157478932809736,0.1066979392241929
2020-07-11,109,3.0,82.85152491170537,0.5227487792110845,0.12782762837800826
2020-07-12,98,5.2757743171305425,94.91932332920175,0.4205399322795855,0.15694249404667243
2020-07-13,86,7.700766772266281,69.97593922934674,0.21030686625825734,0.1059965350925326
2020-07-14,79,6.858419529409156,66.33973529288886,0.2110095771447496,0.0641707028198377
2020-07-15,86,5.314489122911938,50.540554181759816,0.21717508812954006,0.05
2020-07-16,108,4.262545721551929,91.32755370957321,0.4848835188374168,0.13725590558920445
2020-07-17,127,6.210683894955966,90.04903502016825,0.6067750796522517,0.15427398070236428
2020-07-18,93,3.539680700443297,55.22272590500757,0.24034467737327117,0.05
2020-07-19,82,5.714536654034329,78.84286905663501,0.2008591405193516,0.12830543053791502
2020-07-20,104,5.75820523874994,73.19908490834436,0.4338135526862582,0.08964392443538362
2020-07-21,99,6.59031486124832,55.935454775455575,0.3701160153192698,0.05703400160822665
2020-07-22,102,9.139490058366617,99.02841135303618,0.36079847208887206,0.18998760971797632
2020-07-23,76,5.5886239507681506,60.73479437316777,0.2,0.05856444809324743
2020-07-24,99,4.236554561438751,53.36170900452806,0.40346473762903673,0.05
2020-07-25,93,4.961638531712008,79.74236897509547,0.32775534849387317,0.10557856853890533
2020-07-26,99,3.0,86.94333385665163,0.3991250515299607,0.1256890119108882
2020-07-27,102,3.9579303033664126,51.622172302359346,0.3864942399772884,0.05
2020-07-28,106,4.386076342830344,82.93588193635111,0.518585895735808,0.12315043000727234
2020-07-29,94,4.213867403098111,76.61459379757272,0.28119133317226097,0.10175816986513735
2020-07-30,105,5.228532308050583,55.16325044375242,0.47437801485433595,0.05
2020-07-31,116,3.7663701014266993,58.626193847318106,0.6190945546479981,0.0539455182095615
2020-08-01,122,6.681546000986707,78.39871486580402,0.6440454046374448,0.10809764138406759
2020-08-02,103,5.000310597377296,64.81788067566441,0.41987378864675856,0.07814292001978743
2020-08-03,119,4.986049518292078,96.9157864325658,0.5635851476668511,0.15381424261805923
2020-08-04,76,4.508157925230623,90.93701147420254,0.21180438255231282,0.15123038293013807
2020-08-05,96,5.232786025788469,99.17836032568314,0.2888512537369164,0.17989639895302048
2020-08-06,103,6.237647397001452,62.9835419475207,0.3814937869810179,0.05102569391094432
2020-08-07,111,3.6993046764336492,98.48618163989886,0.4901221117254139,0.16488486076715894
2020-08-08,97,4.012825266387115,71.56169348957789,0.4318826878755999,0.0800642456670661
2020-08-09,112,4.544410956835003,67.37593976568773,0.5389883818020448,0.06726222150188448
2020-08-10,99,3.0,52.51747634846766,0.34159771207448775,0.05
2020-08-11,124,3.771113210417753,52.63826289298013,0.6244846147307548,0.05
2020-08-12,91,4.285668689683011,84.60056279733274,0.2792838427951853,0.11716626254923279
2020-08-13,103,6.311583771069092,72.8964497217014,0.3945105503883233,0.1010042174205006
2020-08-14,86,5.393841993502887,61.32608130180529,0.30894447792783897,0.06780335133591447
2020-08-15,101,5.2903848670513165,80.69851531626163,0.3414128435368248,0.11713098442394022
2020-08-16,101,6.2763469432519585,62.642905912505555,0.4904390427867187,0.08097415791046898
2020-08-17,101,4.793942317400905,78.88158771722112,0.4514114845092312,0.1159242313583088
2020-08-18,113,5.5856972748933345,67.96043734913451,0.5845430835301849,0.060027685224555906
2020-08-19,87,4.8451673706012555,91.17761133059095,0.2468530243987371,0.14246400120970906
2020-08-20,108,5.398043524099442,91.03480803833897,0.4725029640460446,0.14447622074199712
2020-08-21,106,4.125862013582627,73.86751990612007,0.3883424092737644,0.09702547932056757
2020-08-22,87,3.0,67.54095546675077,0.24376687964665986,0.05
2020-08-23,96,4.798581256720544,68.12798982795474,0.3846827423821576,0.10386697285464416
2020-08-24,97,7.13412220414991,90.2857262834109,0.4348031530890698,0.16183805081992436
2020-08-25,116,6.389323103362388,66.4089741398806,0.5046421591598774,0.08266230597563065
2020-08-26,100,6.448096226886756,60.4529686853423,0.38172470315073675,0.07541506435465214
2020-08-27,97,6.854196082709327,54.234417093765344,0.36243503898837387,0.07041077222296893
2020-08-28,100,5.132986386442156,73.33465604422042,0.33021053989037574,0.1043763665107561
2020-08-29,99,5.295973561108394,74.10660494599209,0.41956746208792,0.10828781360823445
2020-08-30,100,4.073522156848474,92.04543552014536,0.3638004834128696,0.1478108175893223
2020-08-31,104,4.5258907159594255,61.0619348223032,0.4302304824411488,0.054400000513037255
2020-09-01,82,5.923656724656713,69.04956368341999,0.2,0.08200902023349453
2020-09-02,87,6.805826655753224,90.42028694468455,0.2305330747140163,0.14702887419567434
2020-09-03,87,4.790830586478501,91.18118053744868,0.2696477507259723,0.1406275535477436
2020-09-04,90,4.324716102722883,69.23055379893842,0.28921952107159893,0.06580968226699982
2020-09-05,115,5.0007919382848955,72.95620116433405,0.5314071058860668,0.09311384867757638
2020-09-06,105,5.901810123393672,65.16429454246415,0.41357691891598286,0.058155258472096946
2020-09-07,90,3.0,96.6277439209656,0.31597623353914783,0.15679239700433392
2020-09-08,89,3.0,55.932188287079015,0.37268086342461426,0.05
2020-09-09,89,4.174194725762625,96.68747115007349,0.2969943616419564,0.16240274006290048
2020-09-10,86,3.168931361128762,84.19332259176716,0.30980591074555647,0.11320330888074535
2020-09-11,91,4.2377897035290335,76.57860763433656,0.2404889037423269,0.1316933751224599
2020-09-12,100,4.778329521773792,51.632953039224795,0.4078880719646885,0.05
2020-09-13,104,4.3201273864654794,73.77980959110042,0.38513158405144665,0.08049464070478143
2020-09-14,80,7.178701301706118,70.38740525013661,0.2,0.0993844031332094
2020-09-15,110,5.49011714690348,58.060940598756126,0.4630314296270482,0.05
2020-09-16,90,5.450711539416242,82.82048017503286,0.3595949667206787,0.11557020095510566
2020-09-17,96,5.933310716065103,98.55754536841428,0.40750079143348233,0.161938468974329
2020-09-18,103,3.2917503233288463,78.10944055322625,0.44215023610272003,0.10510924018391554
2020-09-19,99,6.558667681130403,85.73766382219729,0.31336497200550345,0.13319252752154817
2020-09-20,73,4.88635357019681,53.42252262830084,0.2,0.05
2020-09-21,106,6.005720925861819,70.88334979084973,0.4750850004450868,0.1026164761471627
2020-09-22,100,3.392214150439767,55.81792425822479,0.4087768114789299,0.05
2020-09-23,85,3.0,80.63979177682552,0.2,0.09839550766973554
2020-09-24,101,6.226834487037543,96.92410791070773,0.36548410759900646,0.176660152274231
2020-09-25,93,5.564614289146275,83.08888662358193,0.3267961117925642,0.13341427348290016
2020-09-26,91,3.646922668463734,53.84015241572108,0.33681454547585954,0.05
2020-09-27,103,3.6955053780879585,67.73331024925415,0.3201936089450027,0.06395973806427349
2020-09-28,109,6.688152176622154,77.53316897204257,0.48189380122600706,0.13213547445699822
2020-09-29,83,3.2158821606990085,70.16038780666261,0.23715243849394763,0.07883553298080342
2020-09-30,102,7.464009429883945,91.68220052375861,0.4624805994258107,0.16872632622781294
2020-10-01,98,3.649068898028197,90.73355023549945,0.4146428792118718,0.13222523507836006
2020-10-02,93,5.957587888412575,80.59155100516108,0.3591285659404403,0.10936974779232418
2020-10-03,104,4.507072286376523,68.67289725663527,0.4000029746649033,0.07285955545686733
2020-10-04,96,5.904781146623515,62.7668186881622,0.26459989314383464,0.06658414792370422
2020-10-05,103,4.183828996828711,55.293715910656466,0.41034736214693,0.05
2020-10-06,85,4.755810640891559,67.7448841743277,0.300081591260428,0.07691525764093705
2020-10-07,92,5.061378763093582,70.65862586038597,0.3896727263762216,0.07039771951594082
2020-10-08,90,3.4967188163277907,83.79114625520367,0.3355274551148893,0.10765655862255126
2020-10-09,83,6.111236518130189,82.90799121487868,0.2514670411400867,0.13598926871805575
2020-10-10,86,4.230179650292622,53.50540698206285,0.2789819824192983,0.05
2020-10-11,110,4.657100126989972,69.76296577155789,0.47219406266196096,0.07865563029575487
2020-10-12,89,3.5084759380872317,59.0889433608681,0.28349698532231904,0.05
2020-10-13,118,3.0,57.840635265840284,0.6634534762913167,0.05
2020-10-14,102,4.713458356099746,91.36510748686229,0.37287209971040625,0.14392993178167246
2020-10-15,108,8.618923132419374,52.095760835812875,0.5607389395354926,0.05582708308598842
2020-10-16,95,6.176906431847035,70.95914379510606,0.3338985922753971,0.10304442045799661
2020-10-17,100,4.971109430398408,58.41018278832591,0.46627160545475393,0.05
2020-10-18,86,4.605663756187599,93.9665107839237,0.2,0.14339292687286123
2020-10-19,94,5.0336988392180695,77.85202566375176,0.36929521005823246,0.11140300756600896
2020-10-20,88,5.820678672762815,61.569031818842404,0.24316149320261893,0.055575139114082794
2020-10-21,101,3.2287807770367327,75.12136435831883,0.33923664040379065,0.08632547057152813
2020-10-22,95,6.671482542003308,86.5743179851558,0.36092670212054734,0.15633312756985435
2020-10-23,95,6.073071973161866,97.9059004459717,0.4004735894297985,0.18235421548938208
2020-10-24,92,6.077278588561901,61.02230021227095,0.2777529280703252,0.06503303670213686
2020-10-25,108,5.657713608214591,94.30908860646726,0.40504920197707994,0.1484966438493475
2020-10-26,99,5.029424986540985,96.71520570837451,0.38540776178325226,0.16740670773253505
2020-10-27,95,6.00929185395023,95.82102722660332,0.345628233561141,0.17813611385743638
2020-10-28,86,5.887721200612067,81.7707178430955,0.28741598137772495,0.12099442287469148
2020-10-29,120,4.468938933588464,81.49103272173538,0.6474797285682246,0.1303289337330156
2020-10-30,81,4.139597340654649,70.16053165919114,0.20702924093637531,0.09410703457602873
2020-10-31,102,5.15278444289298,87.6198941151894,0.5127751657397132,0.15526093288146783
2020-11-01,87,7.323530227242781,76.56470091754659,0.2812117372267646,0.1193641851541672
2020-11-02,90,3.1413393865191486,83.87190356141473,0.2826786746996551,0.12319632461490006
2020-11-03,89,3.0,71.42289519243977,0.20942163204485864,0.0934105584606302
2020-11-04,105,5.247141261854775,86.57482320215695,0.43686702398419164,0.14043411528643449
2020-11-05,96,5.076331552784027,91.22357588022746,0.3431806527294432,0.14404004432670037
2020-11-06,97,5.260012496555612,57.32181283014081,0.4180152398140735,0.05
2020-11-07,98,5.36592979686275,91.6464857787114,0.4031241812033427,0.15415465585818533
2020-11-08,99,4.665196618047792,77.01482658951537,0.33103154391836914,0.09146484863932286
2020-11-09,108,7.2347951579031236,92.23329545451122,0.4886127193205519,0.1614412729994074
2020-11-10,92,3.0,71.56508531705073,0.35357655858645265,0.09066072713345474
2020-11-11,97,3.757254462829631,68.95202426915175,0.4464015679693916,0.053729806609950595
2020-11-12,116,4.845117859776429,95.75303662586111,0.6043751983707031,0.17682952019441064
2020-11-13,104,3.0,62.55846337742007,0.4780423327155739,0.06389913231929181
2020-11-14,87,4.736218393351893,92.21061626430716,0.2730042997307582,0.1457152946013762
2020-11-15,103,7.492205248592027,74.2010286254702,0.44941560027117256,0.11549802039808883
2020-11-16,115,5.031329732443942,75.70477212756299,0.6124752450353079,0.10230244231397194
2020-11-17,88,5.346051358578025,65.4234140744742,0.21336113012601754,0.08530040270069955
2020-11-18,92,3.1097528522411295,78.65211003095078,0.3025280336391522,0.11133192578175741
2020-11-19,108,4.075457887940784,66.26055981381057,0.441371562562188,0.05515826164930556
2020-11-20,95,4.437205429514094,51.96347071208262,0.36895765593630625,0.05
2020-11-21,86,4.523427354865649,63.5999302672178,0.3215111087825394,0.06136064903954917
2020-11-22,87,6.922465692505654,50.31895217032953,0.24015128566394633,0.05
2020-11-23,109,5.836536591087687,98.91773935284283,0.3704847816265281,0.1686541820042688
2020-11-24,91,3.3328130645944523,98.28736049098737,0.28938896274877657,0.17900751748714272
2020-11-25,107,5.369757167648007,69.75776487361526,0.5156736866008703,0.09652269865811157
2020-11-26,106,5.747332622745178,86.4185427169823,0.486881495147494,0.13059457962494314
2020-11-27,92,6.7102235577819,67.29030492052125,0.3414093123905288,0.07207592648137093
2020-11-28,90,7.37081102985256,83.5546578542988,0.2860003349062761,0.1336613024023807
2020-11-29,102,3.477358712258197,90.27150215229895,0.35604846318901073,0.1425463264791009
2020-11-30,99,3.7837137331844928,97.33781223461204,0.4157647160812234,0.16333406380922083
2020-12-01,88,3.1136332116280756,70.0106137924836,0.23828590949826878,0.08813133568327361
2020-12-02,100,4.6489702113395275,89.16489914780239,0.5092048366690228,0.14863874572191332
2020-12-03,119,5.699537561669501,63.29642253160594,0.6185253604177259,0.07808264566069441
2020-12-04,106,6.481001774883653,99.51661518968243,0.43096758487230247,0.18422340844956991
2020-12-05,102,4.886073464536216,51.288479938217556,0.3894307376305686,0.05
2020-12-06,98,4.520228715117734,80.17644032505605,0.37535278966932056,0.1111734792392878
2020-12-07,119,5.227636988373111,82.97529908256635,0.5780249038989126,0.13566497958865126
2020-12-08,99,3.7472856475549654,84.40227785370644,0.4458416887764977,0.12142803251364769
2020-12-09,87,8.13430808254216,56.01937893945445,0.2793208084872023,0.06376058091731163
2020-12-10,113,3.0,96.92648917365652,0.4934184130545736,0.15259198436850824
2020-12-11,103,5.277110868343587,59.059163952504136,0.5245220342577892,0.05
2020-12-12,79,8.035409328844459,81.13767016199205,0.2,0.13235661648973734
2020-12-13,110,5.010199766839997,61.133803956154246,0.5384419837984449,0.061542885132989264
2020-12-14,95,4.7149414474977585,65.36082085106355,0.3195886746277621,0.06310029259606502
2020-12-15,101,4.463831865784359,77.32292708640622,0.4281557813872262,0.10193082813957378
2020-12-16,95,4.729412477356388,70.85967092822882,0.36555549955715977,0.0768314427516086
2020-12-17,107,7.059272712014796,58.01128004882531,0.3755175353951924,0.07052265288219088
2020-12-18,91,3.0,58.546820121042416,0.41076375552303207,0.05
2020-12-19,87,7.300150551944489,70.90723940813999,0.3345322230461274,0.11375002643540423
2020-12-20,100,3.0,87.86414891377504,0.38014023419270065,0.14387992524673424
2020-12-21,117,4.600021506148378,94.89823234238943,0.5148865129772073,0.15688434491069278
2020-12-22,102,4.3561333695520075,54.20638311296914,0.43737808069017764,0.05
2020-12-23,88,5.88282990465608,69.65519537797005,0.28433488497071985,0.06752075687985717
2020-12-24,100,3.0,55.01227818614383,0.4177834474281615,0.05
2020-12-25,81,5.693258999122914,50.82962403162989,0.2195788698097045,0.05
2020-12-26,91,8.036464434930279,83.08593413219782,0.33531204946529636,0.15322482084585992
2020-12-27,90,3.0,80.12247209832938,0.37236528496959037,0.10652566216725763
2020-12-28,102,5.284559251415594,58.15095569074431,0.44840516025643234,0.05477170857023079
2020-12-29,109,4.007026733305087,61.690641654653206,0.4375172250545029,0.05
2020-12-30,101,5.638830809289553,51.18538768222592,0.47812814263562264,0.05
2020-12-31,97,5.028721666123628,91.74736028472019,0.45203072817441436,0.15925648694924158
2021-01-01,88,4.037769636433536,98.73452980242757,0.4376028367256043,0.16926017871327628
2021-01-02,96,5.7318084273066106,56.77297683973454,0.30382529833802013,0.05
2021-01-03,104,7.7065221646801145,61.573760688264905,0.45214410065751376,0.0789023164741965
2021-01-04,106,4.713644312409052,93.4204761973467,0.35589506484055067,0.17018762821544353
2021-01-05,91,6.079636913222273,96.32318989780924,0.3376574578189605,0.1671573296241686
2021-01-06,110,3.0600905631932545,70.98136914034052,0.4725899850916614,0.07893825826356851
2021-01-07,104,3.565345434772987,52.53112361345371,0.5361722897412476,0.05
2021-01-08,85,5.7086094168205666,51.96959168464097,0.2112692514990709,0.05837291849076566
2021-01-09,107,7.226174042803947,78.69749330345053,0.3855408481016369,0.10122978748018108
2021-01-10,111,5.53342002317849,69.64475544465895,0.486436812964874,0.0934335965977574
2021-01-11,105,4.530412954215269,51.43262137888273,0.3512256114391431,0.05
2021-01-12,94,4.998937108135031,79.16261961562785,0.37755497272536553,0.1181502616494005
2021-01-13,91,3.124388399045424,50.565126829451124,0.20674584768718401,0.05
2021-01-14,89,5.90677298953305,89.36859790746365,0.291422879059158,0.1471500083614717
2021-01-15,98,6.3234995934851135,65.32164113516858,0.27610940900719017,0.08469652716758626
2021-01-16,110,4.3218645007503795,52.012900150461604,0.4839851097731679,0.05877712496557512
2021-01-17,93,4.294936778360748,79.41761104915767,0.41216890779022675,0.11780787893329747
2021-01-18,103,5.398817344478073,69.88422072165274,0.4480323945717898,0.07816609290704349
2021-01-19,104,4.3449203959391065,98.69002066785748,0.3968253197517533,0.16355706716304094
2021-01-20,101,4.900801078061266,77.2099331251851,0.4084398255530458,0.10159966368202311
2021-01-21,94,8.149582683749774,63.76195905185041,0.34090084360222234,0.06407735884799995
2021-01-22,108,4.629461448881005,85.47194323169873,0.5036315172921704,0.12626223502248685
2021-01-23,113,4.462489771968166,63.57460012713557,0.4616570818359587,0.07036454005946499
2021-01-24,115,4.028687291547262,95.21216457037826,0.5796283636923666,0.14303760897810314
2021-01-25,98,6.116287957249905,68.73609852536882,0.24478041841986123,0.0972745618728619
2021-01-26,93,4.728163740172845,77.49342813881026,0.2985057723818095,0.1109988513281384
2021-01-27,104,4.025940442517861,52.52865519121144,0.4155863078774228,0.05
2021-01-28,87,6.9819560484095184,71.30606189761154,0.30166634130356196,0.09741266956150375
2021-01-29,89,7.129404506770456,91.61817698304975,0.2911315426338435,0.1764847715594119
2021-01-30,86,4.099364651391943,90.2824402681671,0.2,0.14867962219651967
2021-01-31,93,3.0,61.215927942676316,0.28075034370914925,0.05
2021-02-01,104,6.511270534755383,61.303953550528135,0.44993400047737037,0.06409138015575147
2021-02-02,91,3.973055261359994,90.86526561066184,0.30604663290677225,0.14322716384330209
2021-02-03,113,6.1859383987441525,96.51992100846627,0.5010437945182127,0.16537181943969653
2021-02-04,103,3.0,54.768046063650175,0.40595831052440107,0.05
2021-02-05,98,6.338896007448964,72.50293197131126,0.41480839985796447,0.1196250550565259
2021-02-06,100,3.1832421060788283,66.87271394821144,0.3741153713565393,0.06808760236702249
2021-02-07,89,6.096146178599787,93.53442277287198,0.28559543779854635,0.16506547186284024
2021-02-08,83,5.021409601754651,54.176245734000936,0.33849682940402714,0.05
2021-02-09,92,3.5690908709050326,60.55629712790187,0.24881586815580387,0.05
2021-02-10,94,4.389445530609829,87.62341687932471,0.24740786342126708,0.13295823348153557
2021-02-11,107,6.029477685435051,52.56469244906078,0.5091794832399303,0.05
2021-02-12,102,5.158841679672851,74.62676903571446,0.3860678469352949,0.12244538048604069
2021-02-13,107,5.876619470708726,72.105351733986,0.454088123612869,0.08335403257127766
2021-02-14,103,7.9646608767732285,66.72005894943743,0.39094218109344436,0.07966381839370663
2021-02-15,100,3.0,69.72861576594619,0.3870099929616244,0.06978325525397457
2021-02-16,95,7.425818862452935,76.49702934651165,0.4299269056048171,0.1295009396003234
2021-02-17,85,5.156533906284819,58.06836791941916,0.29010642293090594,0.05013286328230813
2021-02-18,107,3.6518239275153075,78.59979391417964,0.5131111755943489,0.09169714341981086
2021-02-19,106,3.0045295613915153,90.27161646499931,0.3891886472103677,0.1483808808095289
2021-02-20,92,4.71631941383445,88.00804648950796,0.26244231317235656,0.14491574280555095
2021-02-21,110,6.382475167886689,57.69499523468868,0.3580460670257286,0.06038171111566401
2021-02-22,93,4.808676319433698,57.462473487073694,0.28953095894586234,0.05358814447009798
2021-02-23,96,7.2667323953710214,63.40871838724567,0.40783515931928294,0.10050343614441662
2021-02-24,117,3.0,68.05373631705186,0.5958473257874186,0.0910121579015167
2021-02-25,122,4.981866578230918,70.42277907042413,0.6089243368523938,0.07931051667239403
2021-02-26,90,3.1214098333803215,83.98486084166726,0.2988849858140974,0.1338004816200149
2021-02-27,113,5.545447823937452,52.83402160829177,0.49555572287122973,0.05
2021-02-28,110,6.33033108514595,51.73363521130332,0.5102379441200892,0.05
2021-03-01,106,4.36885730947842,69.59552814719545,0.4982939139740308,0.06370816267254517
2021-03-02,92,3.0,84.85818460689902,0.23920566062947635,0.1178706961668151
2021-03-03,121,5.298422220194742,59.67176714782413,0.6249823843918674,0.05
2021-03-04,89,5.655107827600264,82.0752240628126,0.3366217435477334,0.1327817994753722
2021-03-05,117,5.606442132442546,62.991406897014976,0.5492449855518315,0.07771723635728572
2021-03-06,106,6.853673287733232,94.30430544067582,0.4950350306060292,0.1464364192505305
2021-03-07,121,3.393419480526427,94.78449721333082,0.7507327222236276,0.1511002404025819
2021-03-08,95,6.020324158175674,64.86436021406632,0.3447828603506554,0.08591331648101987
2021-03-09,91,6.7887612687169625,61.49968769816203,0.32966535250026624,0.06657607981493645
2021-03-10,82,3.0,70.56519860331156,0.2,0.08398623225995833
2021-03-11,95,5.479477738878466,62.026579259007434,0.35906255813010257,0.0669887811476855
2021-03-12,81,4.243730253488493,83.61919216458517,0.2330135812491152,0.12549283008072426
2021-03-13,101,4.877715990347531,91.30323422741428,0.41974211701350694,0.14558513285329755
2021-03-14,95,5.5215147253075045,83.65460654556085,0.2990152340145572,0.11640558522186299
2021-03-15,114,4.2691571538296715,91.21752236246748,0.5503180885662726,0.1337830513823005
2021-03-16,92,3.986437881257582,69.84960811037371,0.3931097969358819,0.08657453888196222
2021-03-17,113,5.051228626232037,57.815848535443045,0.5524317882257264,0.05
2021-03-18,113,3.369131091705796,86.89754736987962,0.578099359453592,0.1261531751220956
2021-03-19,120,3.3712623066722216,68.0237252570777,0.5881494014993687,0.06668858688137069
2021-03-20,108,6.019059924434755,83.56354126145663,0.5174950119711855,0.12773403495173616
2021-03-21,99,3.276808947262016,63.53219709908828,0.4039633919108263,0.0674497539784563
2021-03-22,108,5.999468751363818,54.06148174033363,0.43245446351563843,0.05
2021-03-23,98,5.693886939280927,99.62908977438818,0.3959260502399437,0.16394605688655348
2021-03-24,92,3.0,57.81007539652997,0.2704151668279845,0.05
2021-03-25,96,3.9836530214965173,99.42104969817404,0.32835598625576046,0.16613264756335755
2021-03-26,94,6.791164104571059,98.86399662832235,0.34946641536461875,0.18086176906315013
2021-03-27,75,3.5282517032904774,89.69090519540198,0.2,0.15278975716665344
2021-03-28,97,4.303393606535918,82.97114810409988,0.31053837674614354,0.12022480677147417
2021-03-29,109,5.693091339877845,78.89035251255423,0.5426992885591438,0.11802835096823917
2021-03-30,98,6.175085763923893,93.30507726889174,0.40860031391502366,0.14900142571331143
2021-03-31,121,4.622691670933256,64.4719760809744,0.5747635782194558,0.06433269207407988
2021-04-01,103,4.103734707962538,73.38406062424386,0.3531207601775413,0.09676611586463028
2021-04-02,121,7.133554792547761,80.9694984683251,0.6027547710459285,0.11302253202930168
2021-04-03,103,7.608349495696368,70.55952379347455,0.40770281430694205,0.1017287697900626
2021-04-04,91,6.468287076172693,71.3743227045134,0.3156570228526512,0.09747231422085174
2021-04-05,91,5.127977213847536,66.51423337510423,0.2918441669422217,0.07559546075042475
2021-04-06,109,3.7876014175386103,78.2115908342268,0.3896271569627495,0.11394436857695588
2021-04-07,97,3.754333390165152,92.5287264007558,0.3505826530849421,0.14970223130157836
2021-04-08,106,5.783771157898636,60.076418900315645,0.4447190444465844,0.07392883147400456
2021-04-09,110,5.627597331333026,96.72165193767208,0.531683051238703,0.158367047313741
2021-04-10,91,7.102397889419644,84.45438268741148,0.27509001626944757,0.14023438318151615
2021-04-11,103,5.975675138804209,91.1636606340015,0.5139337336686284,0.15421402545992502
2021-04-12,84,3.0,77.80953463150058,0.2,0.08773605895695095
2021-04-13,93,6.577921426584378,88.97583507120316,0.39555837489013124,0.15938006236744484
2021-04-14,113,3.5029090590283807,50.81001986697336,0.5187840514560947,0.05
2021-04-15,105,4.424043092071472,90.91902123897677,0.4929792436171778,0.14470721843244938
2021-04-16,83,5.3753003093775416,52.006942954268325,0.23399007420293666,0.05
2021-04-17,96,7.993501234675946,94.49566881814312,0.4169777768012735,0.17429969738596235
2021-04-18,107,9.664877834008042,99.59813736193217,0.45063190177235946,0.189982954556765
2021-04-19,83,5.910084588704274,64.70337310883889,0.2,0.05545293949201788
2021-04-20,105,4.725205071919418,60.51592781428968,0.5210252143635532,0.05
2021-04-21,112,5.801758472720826,88.26816819290204,0.514325967705893,0.12989371313279297
2021-04-22,99,6.3314831388107535,62.651317046012664,0.40107792368121054,0.08665238761268294
2021-04-23,111,4.518998561664213,93.27811915861017,0.5717375957022398,0.15127825334491915
2021-04-24,105,7.692817033868483,55.142129607873834,0.3984022378952783,0.05043128070249221
2021-04-25,93,5.345106138787103,56.29775981896791,0.35977454488196287,0.05451034839871731
2021-04-26,109,5.746614633637091,98.95757775503077,0.46050526217685545,0.1643882954047189
2021-04-27,106,5.998886378081692,83.69194491350024,0.45339153221778145,0.12340162625086365
2021-04-28,106,5.632379915921684,92.34436122144764,0.4636139482692145,0.15587570593643754
2021-04-29,103,6.258410750704418,66.2164688675759,0.3549889069276532,0.0902291502704846
2021-04-30,113,4.074120220179616,83.82418747603022,0.4910581478589783,0.12686001398067662
2021-05-01,111,4.162547369080954,79.71209136542986,0.577553644620657,0.11243226236685316
2021-05-02,95,3.3497686505424578,80.15750600614734,0.39430955942923984,0.10800253862351449
2021-05-03,89,5.659251845930339,84.12662297688607,0.2868680211336383,0.13467848671557767
2021-05-04,111,6.168404755268171,78.76795865645494,0.5221561729256446,0.11916242879699822
2021-05-05,104,5.686659299227829,71.4531184651333,0.42528787471817714,0.0824929291437697
2021-05-06,104,7.5117386500213055,63.79613471902734,0.5078291692913991,0.07940788962352006
2021-05-07,109,4.99160597175643,88.4290665456601,0.4799823711102918,0.12950834290658497
2021-05-08,108,6.003112483388769,61.313621500159314,0.49159210460674246,0.06476725234643002
2021-05-09,127,3.3624486857910285,84.61771530772072,0.7273015072071033,0.11585890993723488
2021-05-10,104,4.419350446288399,61.66664113246633,0.40113142575770466,0.08249049185666961
2021-05-11,106,6.0433066363486665,81.2665084977227,0.5379394592248448,0.1236171148373943
2021-05-12,94,6.273653166114716,87.35391335645144,0.2634769295128312,0.12938761023731202
2021-05-13,81,4.559049578503727,60.93569444532696,0.29148210655563994,0.05426052912173028
2021-05-14,95,4.892601122212899,52.997165043065415,0.3313662208024013,0.05
2021-05-15,108,3.0,56.548687149708705,0.46786506260873595,0.05137970091065136
2021-05-16,108,4.464456198790086,80.29984836355128,0.3854994914408529,0.10732730208521708
2021-05-17,100,6.335574745279679,92.47232031128678,0.37726026413111535,0.14327055492002236
2021-05-18,105,5.86280752415985,52.24984106177122,0.3980096734486558,0.05
2021-05-19,98,5.750998582071815,86.70756295208231,0.3496176827313264,0.1250716947076095
2021-05-20,89,5.07466053077144,67.0659322975026,0.28313445171055607,0.07220954513129015
2021-05-21,106,5.010594737942265,73.92641849597612,0.5078895807236453,0.09425602432252976
2021-05-22,83,4.0095182907898295,96.44297749227829,0.2403801675700313,0.15868018939778294
2021-05-23,105,6.048242630303802,66.59857523679227,0.4653838326700557,0.08692858343263919
2021-05-24,123,5.631459416584085,73.2668466969743,0.5752240305577219,0.09112149435097944
2021-05-25,98,5.738028271989199,50.68412073803405,0.3359622955198635,0.05
2021-05-26,98,4.210947735998629,54.079936000241915,0.46993625091756563,0.05
2021-05-27,97,3.0,62.9295795567392,0.33323994826183767,0.055284718245405484
2021-05-28,115,6.645729067630544,51.392612041053724,0.6328104126028649,0.05
2021-05-29,91,4.281743815987394,81.56876630241254,0.29784694005595674,0.1204750757394004
2021-05-30,104,3.705836353935319,71.31991784008113,0.4401143968071752,0.09092733038633738
2021-05-31,113,6.04021836787099,77.4072601364011,0.5835182580114965,0.11634921340506796
2021-06-01,130,4.411981040121305,58.732359294816476,0.7635946210969328,0.052792838320148146
2021-06-02,113,6.589904576069933,64.79660147183081,0.5244593719860456,0.06151709562837734
2021-06-03,108,5.9255089243650465,83.19122374263625,0.4605878473239231,0.1297034928413908
2021-06-04,108,6.0253539848007165,98.26513618151999,0.4772039775738894,0.17971725394857965
2021-06-05,87,3.0,52.52083868011046,0.2868978764116059,0.05
2021-06-06,117,6.817915978079601,94.5192160427633,0.6145651843434878,0.16072372027634999
2021-06-07,109,5.391875796850784,78.84406006556043,0.49021149294970756,0.10690116643204876
2021-06-08,86,4.4460842911306955,78.19597833778118,0.2909443149011577,0.10107734971616106
2021-06-09,105,5.215082701013377,75.01392676038802,0.5319179866135471,0.10648133278514438
2021-06-10,90,3.0,53.46970429520917,0.31906548061323925,0.05
2021-06-11,80,5.612979217221007,54.493842586808036,0.21558264280023892,0.05
2021-06-12,93,3.4559427377268928,80.0456002829543,0.2540544587454966,0.11649613767376785
2021-06-13,94,3.0,67.04792857177792,0.20846349315854684,0.0673785838069797
2021-06-14,97,3.0,95.86340332888403,0.3894187864615084,0.15134735221502776
2021-06-15,103,6.669032562484888,70.32952686797361,0.42525878843595644,0.09221990111816558
2021-06-16,106,4.056104909460817,57.164072935132054,0.4342608662542629,0.05
2021-06-17,109,7.300591564874749,85.7359416751018,0.5021765102093172,0.14696656101754985
2021-06-18,99,4.196297805421553,64.6676710720505,0.3869798135401546,0.08774275651973562
2021-06-19,88,3.0,76.27351536779466,0.33638901253169495,0.08529829967341074
2021-06-20,103,3.325213340077011,84.8916392752585,0.43430554341294897,0.1264820015464603
2021-06-21,102,6.853717430010408,95.01320556010353,0.38265383574649164,0.16401619373224752
2021-06-22,95,4.766152733094999,89.6095597400838,0.3995083119479645,0.13396657301583995
2021-06-23,84,4.177569055264098,83.8180533936362,0.2291434462526899,0.12223333408687938
2021-06-24,71,5.240027338779181,83.98165911975718,0.2,0.1295186388472378
2021-06-25,97,5.752674104251318,97.29623220160433,0.34612946469036,0.1998338026766705
2021-06-26,102,6.676098223853691,64.7912048748268,0.3875086557251282,0.07591264758691685
2021-06-27,110,7.17274884483939,50.05560470980937,0.5042084115092849,0.05
2021-06-28,89,4.460347031316371,63.59772796990993,0.2906414321771843,0.06582502624125551
2021-06-29,104,3.0109284708769426,60.8945689813372,0.46399135176834166,0.05
2021-06-30,78,4.379802258315086,83.0917292556999,0.2,0.12025463123263248
2021-07-01,106,5.3904207598743294,81.68557998827646,0.36818201081148016,0.12216909658715264
2021-07-02,106,3.554361610684084,79.67306913523619,0.4383613058205806,0.1147370192885811
2021-07-03,95,3.5642736276574354,50.812172160472684,0.3896909233571908,0.05
2021-07-04,83,5.5156818223248285,86.43890272253238,0.2151311960378447,0.1318594210901441
2021-07-05,101,4.9270214726443236,66.17652062427457,0.3976808298742726,0.071658529089746
2021-07-06,99,5.04919549311738,83.25279945033157,0.43931882529529687,0.1173431675104749
2021-07-07,101,3.8622569979498955,77.82892142510767,0.3744013386370539,0.09151742371699555
2021-07-08,83,4.654398928691349,67.13654627139536,0.2,0.07778058125144917
2021-07-09,92,3.6136502835975435,56.72881335520539,0.3119684440237253,0.05
2021-07-10,113,6.33529761668718,54.720944883024046,0.5057913024375632,0.05
2021-07-11,90,6.552874002085629,91.57591665561118,0.2516876840123373,0.14754038037826933
2021-07-12,105,3.0,95.9198771040779,0.4412310772050655,0.15825646317513628
2021-07-13,102,3.605733709711385,82.48940233821497,0.44457528236233923,0.13351117655586672
2021-07-14,90,3.0,55.17170574302417,0.29953557192160923,0.05
2021-07-15,82,4.024964098389653,70.10136084441203,0.2353490536343119,0.06189871819620866
2021-07-16,92,4.874843045314459,86.44696000525786,0.4106703849257712,0.13246622638884523
2021-07-17,113,3.0,88.99104420050341,0.5128560569221218,0.13213011056108784
2021-07-18,107,3.6172102803120305,55.91093111455443,0.4839174317322335,0.05
2021-07-19,95,3.4940639418777524,50.00153594226912,0.3245393318700433,0.05
2021-07-20,113,5.310900994098416,85.60685229403025,0.48768201400565137,0.13136866886432852
2021-07-21,98,5.104016505554376,67.82980879931029,0.3507546173291115,0.08268461303110876
2021-07-22,100,3.9173936699941203,62.72406658091301,0.37606207142391557,0.06816347701915802
2021-07-23,115,5.265231308209097,50.644873489476275,0.5679737898773564,0.05
2021-07-24,93,4.179979873119102,77.01497033807499,0.4474537893350379,0.09825541598950585
2021-07-25,116,4.59251733451092,92.55753677129908,0.5241978281862081,0.1527732849258625
2021-07-26,104,7.510178135447806,97.8815823136294,0.4191687347192269,0.17201587657201986
2021-07-27,107,7.010691577685522,78.28724753066446,0.4668438493444376,0.137226896798094
2021-07-28,106,3.0506281446086034,75.7230663869947,0.4797899424354874,0.08606824108173977
2021-07-29,89,6.244598626818762,54.252819274462055,0.30317754059773927,0.05
2021-07-30,132,6.217094831737388,77.44364007712998,0.7842047896974058,0.1189766153584998
2021-07-31,112,3.2776050668710726,68.99895394826973,0.3986803964732396,0.0674720392911456
2021-08-01,92,6.228166465632291,80.35676404417885,0.20065350649021635,0.10374539398265382
2021-08-02,98,7.306897877618829,69.43631739382734,0.35520609139949255,0.09055689630041083
2021-08-03,96,3.316182790633379,62.01495617251834,0.4148650093771855,0.06292018802999233
2021-08-04,89,3.6237457684786047,54.748263761418826,0.2117175984197202,0.05
2021-08-05,130,6.5264922002652535,65.74592222944479,0.5496183830153121,0.07140588467507085
2021-08-06,105,5.4072429662384724,54.832241714387614,0.47855897031096045,0.05078966206938242
2021-08-07,109,5.827214412859285,58.8448475411992,0.5021828611851357,0.0523628657276635
2021-08-08,92,5.510883824600745,99.3668079289773,0.2654895796600285,0.17055323477343343
2021-08-09,89,5.586043881392216,72.20517784533092,0.24072301996395354,0.09604031383958696
2021-08-10,95,3.0102918075333758,76.59358832525083,0.3015128140182663,0.10253972610960725
2021-08-11,98,6.570976559932173,93.68092643686077,0.385526765873697,0.18771479742756864
2021-08-12,103,6.75438498864166,99.77844502453439,0.3986842361908497,0.19137962109338572
2021-08-13,89,4.655913883897958,79.13572246723407,0.31470319594877605,0.12228513648507547
2021-08-14,105,4.934784575279206,90.62369105220859,0.3072686668547805,0.14148533404314323
2021-08-15,112,3.0,66.34705121683376,0.47715740674361007,0.053782472590806533
2021-08-16,102,5.771382134026752,65.28719787236456,0.3636973019544475,0.07534181778341867
2021-08-17,91,5.858086162571216,70.135186049728,0.29718296608137545,0.09076768811463606
2021-08-18,93,4.906713474501034,83.62536313368246,0.3030976120754931,0.11462452935990657
2021-08-19,101,6.6865300398057546,84.10958446275494,0.44989218899478833,0.13400845828825347
2021-08-20,74,4.498884153530089,65.76197173247255,0.2,0.0737735119822594
2021-08-21,99,5.8469088888404,56.66049620683143,0.39227457381653763,0.0528199670148771
2021-08-22,94,3.4705034919618267,81.61981282327542,0.36791682116058533,0.11725483446347813
2021-08-23,75,4.964671773688643,56.41629310943823,0.24283237182809775,0.05
2021-08-24,104,4.738468613145746,78.92462541146651,0.41591170144532624,0.1053961327074277
2021-08-25,99,5.337961883061412,84.67110640281544,0.40622293021762584,0.12556412235726494
2021-08-26,100,4.445709606749962,85.03057481972257,0.30980686037188176,0.11533075851297879
2021-08-27,87,4.802791106492498,87.67360553297983,0.2,0.15488252252325296
2021-08-28,94,6.23907075716226,93.64297107828322,0.382238718789085,0.16225877066685393
2021-08-29,90,4.344853644142674,74.99794959823942,0.29972198531759653,0.0944695864574831
2021-08-30,131,3.0,86.51245947647857,0.7689256344899211,0.11524945761491112
2021-08-31,105,7.624375856308131,80.95863676829184,0.38132985555151255,0.16035436860969396
2021-09-01,113,7.072181118035729,59.33199698988413,0.5559951069764376,0.05262361623760208
2021-09-02,106,3.061605957341572,51.28448224347041,0.5534408920271927,0.05
2021-09-03,121,6.034561707867791,64.22706928384669,0.6309852804178633,0.07701238475373962
2021-09-04,100,4.245537844172985,72.15168531688097,0.4138290752795525,0.09368487482895062
2021-09-05,113,5.39523082299659,80.8552972214328,0.5304278040412175,0.12912136633143823
2021-09-06,106,5.4413361935202404,92.49796652516027,0.3814559271437044,0.17277666562077462
2021-09-07,91,4.648388299525517,59.81228583530828,0.3777786467855175,0.05774037555815956
2021-09-08,97,3.8243515016204053,56.277489494923856,0.3394571180097467,0.05
2021-09-09,85,3.964188421525611,98.17399737371638,0.27522416281915085,0.16177348297755936
2021-09-10,113,3.6257121267781365,55.402227968820355,0.45184828467143734,0.05
2021-09-11,102,3.752266687654333,73.92455350535946,0.361027016774611,0.11121725436940827
2021-09-12,114,4.899232564925967,79.27818643966509,0.6117543699611118,0.09835266735938214
2021-09-13,95,3.9263600163338723,77.06872104537192,0.3326348855521079,0.11286372827003739
2021-09-14,110,6.02307809856893,54.30160785164716,0.5726637738021272,0.05
2021-09-15,109,7.230869233003891,52.85134570018097,0.4860884670470741,0.053086688617857175
2021-09-16,110,4.129920137944936,55.274171373051786,0.4079051113521071,0.05
2021-09-17,101,5.359106750803066,79.27938419363062,0.45460337998658606,0.10620936003364392
2021-09-18,95,5.7495276654544005,77.21724438171606,0.3205053841122196,0.1179080992664335
2021-09-19,97,5.708003406378912,61.68703960183721,0.40493444067585216,0.07014544610846242
2021-09-20,97,5.113932901874131,81.88870709227957,0.3712605433770041,0.13095635544360662
2021-09-21,92,6.114023627539583,91.00337510278247,0.2428440886028565,0.15344719709225899
2021-09-22,91,5.7233734290209854,52.07894799232969,0.31821473826852853,0.05
2021-09-23,103,3.1435063665090532,74.90649717740212,0.53981115710764,0.0748491534145132
2021-09-24,103,6.303734096583909,84.46552060513451,0.454649322925723,0.14310896497971715
2021-09-25,96,6.330936255900113,62.61559635348436,0.3571241123497269,0.0737403651643935
2021-09-26,100,3.8550708437321277,65.38854526465745,0.4537671700978449,0.055783163683993414
2021-09-27,96,5.056906753171403,80.6818951494692,0.3705334232601556,0.11194448248129837
2021-09-28,102,6.024993489216604,94.89676467218685,0.43047671151313976,0.16014767334312918
2021-09-29,103,4.686029270630957,90.49622101514497,0.3754187413920449,0.13008896507876552
2021-09-30,110,6.609467071649018,79.15651095497918,0.5116924012894799,0.1123400442571313
2021-10-01,124,8.54580874192904,86.51108588786246,0.6917721708208473,0.14092399780516907
2021-10-02,90,3.8210209510475264,68.24112351038994,0.2581968923949988,0.06970368516752809
2021-10-03,104,3.0,82.0482764049379,0.5112247910623474,0.10375785423151807
2021-10-04,96,5.455727893407314,73.30907955637785,0.35541469879274373,0.08093582892750265
2021-10-05,100,6.082343757689215,59.49680682287804,0.355611524423073,0.07912804156277503
2021-10-06,93,4.653700439232846,85.08691369386287,0.3798816038460122,0.14105465058804514
2021-10-07,110,7.179890994981552,77.82323186744111,0.48566028821308654,0.11157895636203123
2021-10-08,94,3.0,67.93107909767957,0.3779757443743054,0.07151745125957483
2021-10-09,107,6.039377934547417,95.56695950393154,0.45541206838707315,0.17107241908274468
2021-10-10,97,4.09120876886166,51.046705891336664,0.3670086928235048,0.05
2021-10-11,89,7.579066859310945,65.7886575624748,0.3146780102167146,0.07707525671737835
2021-10-12,89,7.988773029752178,52.84406988888233,0.30454485287950034,0.059397142655232146
2021-10-13,106,3.8500151183249782,88.32636581108136,0.36022341097741306,0.12875011998279962
2021-10-14,102,4.17566429613713,85.10537270568963,0.36393781299528044,0.11283581555606842
2021-10-15,110,6.2893818304697025,66.56761093681585,0.5464704992395408,0.08839110755594105
2021-10-16,123,4.4193040253157285,83.78314511035364,0.6233931705549226,0.13635353969886385
2021-10-17,110,4.931883173101642,69.79686130979749,0.4738134348614289,0.10992908953020755
2021-10-18,91,5.038082630813615,87.81268957112172,0.24207129923712634,0.12663122921653114
2021-10-19,103,3.0,72.7091831368353,0.37601318393620764,0.09011674626131382
2021-10-20,96,4.9792433808586445,70.61398639158328,0.25891006800190264,0.08264016364110775
2021-10-21,109,3.9654083389037393,96.73649577441505,0.48493596406492334,0.16787011612300418
2021-10-22,111,4.260315766400342,62.543954994535014,0.48007812097094765,0.05
2021-10-23,105,7.1654480052032214,56.02236699982827,0.40167060545073424,0.05
2021-10-24,104,3.1152396585811157,79.2271556629729,0.43659382874160235,0.09549891705015946
2021-10-25,102,6.2198077801219664,98.46609061420895,0.43819853154263694,0.17728695119991755
2021-10-26,107,4.581555604502287,68.89196068635934,0.5746598966104972,0.0731728474162059
2021-10-27,91,4.5803597472562485,53.10183818143908,0.23440582902183937,0.05
2021-10-28,103,6.185557844077567,66.96526336547836,0.4879690521650262,0.09209252549940208
2021-10-29,92,5.5100769418533355,75.29658271597792,0.3686550780507536,0.10943590826965399
2021-10-30,103,5.855919495829296,58.09615033161069,0.391045363031165,0.06975592487058724
2021-10-31,106,6.452276990799292,82.9051109028246,0.47016179772930156,0.1351349839570237
2021-11-01,98,4.503037425225016,99.88746945051003,0.3571183375331192,0.16000862837425348
2021-11-02,87,4.081644898238375,72.58697379907218,0.279284429020937,0.10180291102379183
2021-11-03,107,3.3722742101633028,67.73642783651063,0.5454565506702276,0.06401909220428843
2021-11-04,93,3.761884205031567,70.03520834172333,0.36028031163156565,0.08801923104718354
2021-11-05,90,9.423641637963087,55.75730891976006,0.32543041866167216,0.08012747711464668
2021-11-06,91,6.86701937110518,94.16368007131119,0.2884845340022679,0.17139301717676347
2021-11-07,81,3.0,70.7412827760676,0.2,0.06226226019655634
2021-11-08,81,3.0163130648846446,69.36372057124207,0.2,0.06399060537305151
2021-11-09,92,5.722799092577738,82.98451364652371,0.38033040774319576,0.1407949810713112
2021-11-10,114,5.820897196066951,72.10167104655618,0.46364160717051767,0.09371827226357511
2021-11-11,101,5.8233257529760465,82.41167344039229,0.3572455315911653,0.12714738443547877
2021-11-12,95,4.617566309669453,53.07231450653938,0.35631338681170344,0.05
2021-11-13,102,4.811818609995649,90.68616718611136,0.3707672607576369,0.1530808232291156
2021-11-14,99,5.4918192862390365,97.02519764397013,0.3503738276442394,0.1713226874869602
2021-11-15,102,5.128839509439995,82.4382693079693,0.3988200709135912,0.12087232175890325
2021-11-16,89,3.0,97.72829644294055,0.22171912979049258,0.15505820487149805
2021-11-17,90,4.6553005541372094,57.571615718498165,0.25129390768918164,0.054570338179093986
2021-11-18,84,3.7228903486095297,73.87080947401768,0.27517139583936545,0.09576257547577861
2021-11-19,108,5.262817128362768,80.09033669727236,0.41463151088845185,0.11401209572745304
2021-11-20,105,9.477888503905115,79.08683237105933,0.3701063932752581,0.14547106276263497
2021-11-21,118,5.551222498211457,70.07308895445216,0.5484987510233054,0.08668503820311593
2021-11-22,97,4.529705470741403,66.90422046831307,0.4065977751254923,0.0648445670153023
2021-11-23,101,6.382702252965879,56.34120112752094,0.40015390960015557,0.05
2021-11-24,101,5.724031830813819,69.58712252811391,0.38677094609421914,0.07759411837531316
2021-11-25,84,5.630141735677762,58.13304075527426,0.24221793987578036,0.05
2021-11-26,87,5.910275889823507,86.71828382461092,0.2,0.15204347370631224
2021-11-27,109,8.084815347244312,60.4415467747295,0.5147352826887516,0.063697765250105
2021-11-28,73,3.3036673470111264,52.928265264226695,0.2,0.05
2021-11-29,93,5.710448115217182,77.61830689086172,0.30953457629521397,0.10484026779239694
2021-11-30,84,3.6104283050276926,79.76148663597007,0.2902962255898208,0.1047335110203343
2021-12-01,101,5.833268969513372,93.59565306402527,0.3536251950523481,0.14485289191979017
2021-12-02,97,3.6219702327708587,78.8490806208841,0.42639544966267845,0.1024517107349412
2021-12-03,103,4.373949779592373,67.2740426861723,0.4377246832797626,0.07175482315842914
2021-12-04,117,4.5573651286431405,90.15059407631603,0.5531723705060914,0.14864148731252075
2021-12-05,91,6.463725079017063,77.01394465937105,0.3090063182315845,0.11559326850575218
2021-12-06,86,6.37768166591362,53.96401423155959,0.25463676170945293,0.05
2021-12-07,96,3.131423935330423,78.29252801566233,0.4210141448208859,0.11137668616407452
2021-12-08,113,5.082401166499773,95.40092727108312,0.4761660436264493,0.1637178180479682
2021-12-09,109,3.9356302178762412,69.81563127491103,0.45187403804267007,0.08110898008588915
2021-12-10,83,3.112242633986998,64.81629009499001,0.281815144603624,0.05991825992105363
2021-12-11,89,4.674474424363444,57.173472850901,0.2602232532408071,0.05
2021-12-12,104,4.537275817316271,57.572276096767865,0.4850266538665796,0.05
2021-12-13,87,8.640074729518282,71.63857421709095,0.35497179915043553,0.11287198065815009
2021-12-14,118,5.649439738041044,79.78399120807647,0.5599102486529184,0.1001302154009791
2021-12-15,103,3.0,54.03077025848009,0.4640681163287653,0.05
2021-12-16,89,4.152838993743586,96.97842945125828,0.2323153859330071,0.1591500136184569
2021-12-17,97,6.532074943144098,87.75668087225979,0.40773666490339044,0.14849212338944268
2021-12-18,96,8.132664159304888,79.33119591418313,0.3699711992993384,0.14059001859834508
2021-12-19,128,3.0,91.42193354694953,0.7036519141080109,0.13154839249488076
2021-12-20,94,3.0,54.00933784060567,0.30772139639823026,0.05
2021-12-21,98,7.806447763057673,73.84194388665622,0.29694582922164137,0.10543272936879156
2021-12-22,104,5.5844212660563555,81.50465634308317,0.46516260323747527,0.11442079945848588
2021-12-23,103,3.69756090218545,91.43264530591446,0.3268298423760273,0.13931387547754803
2021-12-24,88,5.801943629183653,89.17347800246338,0.26413247538787327,0.15423817435318815
2021-12-25,109,3.0,63.85346248566998,0.5370590933209984,0.05
2021-12-26,79,5.005063259895741,97.0440084779602,0.2,0.17043548568488837
2021-12-27,88,5.491731759264628,56.21729207154352,0.3774171322394907,0.05
2021-12-28,94,6.386405209306744,93.75668093105762,0.3912554576290887,0.1575886888752845
2021-12-29,106,3.4791560715611936,98.54701248023093,0.4273050805837212,0.1597419247963189
2021-12-30,110,5.128530742105038,58.85767616113128,0.501365668992572,0.06896427892305967
2021-12-31,94,3.6118630609106193,86.10330321018927,0.33763146487277823,0.12362120188759405
2022-01-01,101,5.383075633511476,52.01427593889992,0.3308911618326937,0.05
2022-01-02,87,3.656980516455464,70.27114125695775,0.22298005417578234,0.059109437284538074
2022-01-03,98,4.387848741259669,75.8141649598837,0.351961954651007,0.09972203444941626
2022-01-04,96,3.5062769078146565,79.0322612954817,0.2581889748572032,0.1107658769834175
2022-01-05,111,5.976704362735486,96.79686241242797,0.5123746734125821,0.17402866762723387
2022-01-06,108,6.287676674984998,83.61253436470973,0.467546407767348,0.1339516875270641
2022-01-07,97,4.64806914506388,74.06389756096185,0.2863553049344213,0.10705463438326163
2022-01-08,108,5.0573569924400426,90.48375181329448,0.5002106432638667,0.1413421281947123
2022-01-09,101,3.0,97.52664104772045,0.445793637234548,0.16652902870342962
2022-01-10,125,4.5504850279898195,51.10330743411454,0.6613517239432445,0.05
2022-01-11,85,4.924693074437383,99.12606361280194,0.2337965912395515,0.16295217788121208
2022-01-12,99,8.931189636544962,54.306606953184016,0.4195721075875928,0.05
2022-01-13,85,3.3320494613387543,90.71933896343808,0.28401101802383455,0.13606981119031009
2022-01-14,88,7.1962658581286565,64.01673762757062,0.29537017848598446,0.07756893000069172
2022-01-15,107,6.495288160198712,56.608982887693585,0.428769387478262,0.053444404386339524
2022-01-16,96,5.420954606735204,71.99278198569175,0.37383003827555905,0.09370195251962263
2022-01-17,99,7.6379307262927,82.19782897238068,0.44977403254127396,0.12550760724048826
2022-01-18,109,5.558158208910294,69.04759225117375,0.46016854706941346,0.08303115935394058
2022-01-19,106,5.583738793501893,52.72827041413495,0.5648969669566216,0.05
2022-01-20,92,4.920319020473682,79.97305698293583,0.29371845330073076,0.12815305580249842
2022-01-21,99,6.835353323627942,95.12016380553374,0.39162035066700684,0.16650099730576093
2022-01-22,105,6.644703850716326,69.16076829736258,0.4163757201996832,0.08581696295523246
2022-01-23,104,4.061484068755681,60.81663888154135,0.45116354179601303,0.06864674027284329
2022-01-24,81,3.021129208101849,72.12886729664078,0.2,0.06906978259493929
2022-01-25,88,4.6955290439065145,52.41813555243904,0.252697910059164,0.05
2022-01-26,100,3.7999421534035305,91.02437922401374,0.3453939399825717,0.13111064519037322
2022-01-27,75,4.904713138076968,91.31704054750934,0.2,0.14779597351591803
2022-01-28,107,6.856157202026209,79.40002317148142,0.5197223687754454,0.1267971718209513
2022-01-29,82,4.314047517369815,67.65514444691948,0.2523003093557276,0.08193242560878586
2022-01-30,96,4.935764928032638,89.98916822228917,0.24141703195705544,0.17036628248198038
2022-01-31,95,5.087034102212593,77.73435123941836,0.45210348264639405,0.08614389968731041
2022-02-01,105,6.272646323307927,91.29661542750081,0.46476399703104343,0.16134043379028626
2022-02-02,89,3.0,81.57293962915102,0.25117504297535004,0.10414751316173076
2022-02-03,105,4.089949557852055,89.22027366063986,0.4578563959495471,0.1322464172822921
2022-02-04,93,5.316925538419209,79.928149660888,0.33880949112513464,0.11017135539222127
2022-02-05,94,6.800118434640292,70.70705341078332,0.30665756415242185,0.08703405569747169
2022-02-06,104,4.262146328740692,97.89729299630687,0.44989583336710376,0.1818478589786586
2022-02-07,91,3.0,77.05569124394223,0.2796263856189847,0.10459004700196574
2022-02-08,103,5.929567168949204,80.25447592702692,0.4097819003654989,0.12064322341140053
2022-02-09,104,4.046956416761556,61.024381970737466,0.4056860432122458,0.06681808552089019
2022-02-10,110,3.2155000113644583,81.28253947136382,0.42836643551301734,0.094799828817925
2022-02-11,102,4.063481915430164,78.5803824741472,0.4272918235107692,0.09275150568628315
2022-02-12,110,4.723211963516226,59.241919897351245,0.5292649718258169,0.05
2022-02-13,87,4.09288300319268,52.979354867657186,0.2957441798038186,0.05
2022-02-14,118,3.0,80.21796598573856,0.6209962626317618,0.10727088322426322
2022-02-15,96,6.3455992953306986,88.18461346751603,0.37621701050074347,0.14731042265852495
2022-02-16,98,6.912312561918084,76.17006854610041,0.3533637250891548,0.11456518755849046
2022-02-17,121,5.977282987009259,61.338631265982286,0.6519831932215594,0.05
2022-02-18,86,3.293471494362775,83.32609883465175,0.2,0.12447720140190933
2022-02-19,114,4.697762699078723,54.00528633048011,0.49496643087437603,0.05
2022-02-20,93,4.990218027155813,72.09168524009773,0.2817899964288378,0.09855668867073226
2022-02-21,112,5.898191584342865,58.16833791992101,0.5740028029569655,0.05
2022-02-22,117,6.002510733077122,59.22295255299417,0.6171394257070039,0.060796319912346033
2022-02-23,108,3.8987393018322565,60.11469745791018,0.5043652618522498,0.05
2022-02-24,111,5.1229933346203405,69.3353528521989,0.5635964932605899,0.07964779270418479
2022-02-25,109,5.685920606922862,52.55751028101988,0.4460358608794006,0.05
2022-02-26,89,7.18373348322015,69.8896720464549,0.30742975599304906,0.0964986196180246
2022-02-27,75,6.056759809737085,75.58537235573505,0.2,0.09852451631809739
2022-02-28,87,6.183585031063279,74.16471424831626,0.3123441051942457,0.10347479946210934
2022-03-01,110,5.125739941894041,69.13920502015202,0.4942387883723901,0.06773096161748984
2022-03-02,100,7.115688717805256,91.95733040353763,0.38075285557949595,0.17295310875862213
2022-03-03,107,5.614644193939246,57.26633462102521,0.4970454259280495,0.05
2022-03-04,103,3.7083681347396444,75.2848371890687,0.4738084583595617,0.10558185168345757
2022-03-05,94,7.105054955187786,53.10207084782772,0.30658274025765997,0.05
2022-03-06,106,6.046854908808541,53.55778394389549,0.4569462164323812,0.05
2022-03-07,104,4.335433968307276,78.69329248385482,0.38707796831791735,0.10011517942672238
2022-03-08,88,4.280760548901135,78.30092124439105,0.2,0.11506830579460957
2022-03-09,85,5.4448633177111425,93.90167564222284,0.26002298157068643,0.15183503194193948
2022-03-10,110,5.694777192901377,77.89368378300367,0.5304452678127316,0.11860089163766965
2022-03-11,102,5.295938398446809,97.98955102024252,0.4331033404543363,0.16662382107626872
2022-03-12,103,5.466963010164327,52.43474241999649,0.3325219141122817,0.05
2022-03-13,96,7.549936061864571,54.90038423903705,0.34245752849617633,0.05
2022-03-14,101,6.607314728352328,52.20329307851907,0.29908261199744596,0.05
2022-03-15,108,5.285953386897536,59.263842516677,0.5484850553827093,0.054560321721342064
2022-03-16,108,6.411965871151224,77.0635055470839,0.4256972708940957,0.10134626864026296
2022-03-17,125,3.4512141447086906,82.27860907137139,0.7127701804729949,0.1233516489448038
2022-03-18,95,5.596890574920213,52.27925789743344,0.39729348218420735,0.05
2022-03-19,94,7.713959524599665,97.29854449227997,0.29497048237319695,0.17868947115225087
2022-03-20,98,4.67293115691144,92.10826883251906,0.3233607524366128,0.15624838365999022
2022-03-21,114,3.7285491070713728,64.83062410785466,0.5575185108193169,0.07277368719967948
2022-03-22,97,4.021866667110409,53.8593765113234,0.32778379814084646,0.05
2022-03-23,106,3.3655504439864172,58.49435366095287,0.4651242321079104,0.05
2022-03-24,103,3.8228571378084446,56.34722068774863,0.40585862045965415,0.05
2022-03-25,109,4.444237852114957,56.16418896494734,0.4009420792767183,0.05
2022-03-26,102,3.0,75.9280844332867,0.3084765990437771,0.08661213083338049
2022-03-27,104,5.023427500924405,62.29237212467002,0.4513342124247299,0.06306482840855505
2022-03-28,102,6.353415760679971,67.90698582645723,0.39192211268346877,0.08203656747139128
2022-03-29,102,3.6383657297796193,99.47526666921613,0.39234550915429345,0.17349695837706078
2022-03-30,105,7.2789258854626535,84.21571244626725,0.4847931919546893,0.13291193405340812
2022-03-31,93,5.766188132791392,97.44903335235007,0.38867211383162226,0.17060762905247776
2022-04-01,100,6.5458708784360855,57.12782775165578,0.38637276393190956,0.06595271207911665
2022-04-02,79,4.013248169221795,69.10697374162847,0.2,0.08080541421054405
2022-04-03,109,6.2817878405999235,77.73659016411771,0.5150071516556942,0.11401833427846712
2022-04-04,109,3.3620991494070305,53.8379030944369,0.4221532215150212,0.05
2022-04-05,98,6.335371251254763,50.209372181397896,0.39115765273738484,0.05
2022-04-06,95,5.257759009690297,83.52171668984587,0.3775942985911077,0.11834781258846963
2022-04-07,84,5.8298768299771755,82.09097584007176,0.27401151042088145,0.12001224301227219
2022-04-08,103,3.2366080915627227,70.53944049998059,0.3331623648748768,0.08535802034519852
2022-04-09,104,3.657395236585093,74.48220380160163,0.40193223650955295,0.08951470487480767
2022-04-10,104,5.895842327380077,70.77215002960448,0.39608683735882666,0.07829793103190151
2022-04-11,86,3.577477993663699,51.200252242244446,0.26499434772046065,0.05
2022-04-12,111,5.694809438148685,66.76858031087312,0.5340372289883992,0.08197944003481443
2022-04-13,102,3.0,58.85411276986449,0.4948355203722991,0.05
2022-04-14,90,6.272261319000002,54.921209455068436,0.2752517259815964,0.05
2022-04-15,95,3.151215027847236,97.83602169446749,0.3251213750845393,0.16037300405092283
2022-04-16,93,5.8284499065192845,79.96798625210829,0.38748360094393736,0.13609212922189506
2022-04-17,94,5.938446400469001,86.43281421183013,0.3548288469265153,0.1279095500552467
2022-04-18,93,3.954842272355638,65.76818716330587,0.3933825755593987,0.07683918004525525
2022-04-19,113,5.87303985062709,69.65735647470076,0.5444364001504919,0.10233213294696117
2022-04-20,90,5.390663395000334,61.84619969483617,0.2421441690643365,0.05620537300876449
2022-04-21,99,4.1917372157108925,54.84828354827124,0.3233435822611097,0.05
2022-04-22,87,3.487167973885688,58.95158187207919,0.2,0.05
2022-04-23,107,3.0,89.8757022648243,0.5031025917379237,0.13259249538366985
2022-04-24,98,5.52447507094954,83.87729025918878,0.4394298411543504,0.12888834638888474
2022-04-25,108,3.0,77.34644379927384,0.572468107069319,0.10363583137864524
2022-04-26,103,5.143016299161962,73.7544936433384,0.47215526661616203,0.10788039713602951
2022-04-27,108,4.604827675876626,96.12171418280622,0.5381419288767493,0.1539083202815853
2022-04-28,124,6.018714163157293,53.63674738893342,0.6109991833673157,0.05
2022-04-29,79,4.546931750765204,64.0300406618958,0.2,0.06461233294675099
2022-04-30,93,4.505828320479363,67.4968926785357,0.3725039666208777,0.07795519493769033
2022-05-01,116,6.097806056432443,89.12129061063939,0.58088403761197,0.1503470789909308
2022-05-02,93,5.502587043626177,99.62573100809857,0.33537221871704465,0.17312339576733618
2022-05-03,98,5.474233935774167,62.03352573785765,0.3993685740316495,0.06471926788908315
2022-05-04,81,5.70390138471279,93.71536670685403,0.22615927412291031,0.17482005512764853
2022-05-05,71,3.0,91.53113802158956,0.2,0.14341075575439374
2022-05-06,116,6.135183019980473,61.23286988208833,0.6247492792408479,0.06064084049613652
2022-05-07,101,5.918703191020404,69.96662900996112,0.43721101761701736,0.08449142481402544
2022-05-08,95,3.4749753071352543,70.48364346462596,0.39229014362814646,0.07712728335277684
2022-05-09,120,4.633879289488698,98.91103342632792,0.6257031276212389,0.18626989634473368
2022-05-10,98,4.9410390685585535,59.044595068944915,0.3569415133982691,0.05000597345436554
2022-05-11,92,4.798254823397401,89.9578985552391,0.35782823374565703,0.14366702633749723
2022-05-12,90,5.500789949852802,66.7096357086555,0.23027524655703696,0.07280972116586747
2022-05-13,99,7.147050172746775,86.54351728880802,0.4426945776147942,0.1563556363045776
2022-05-14,103,6.622650091509243,71.00055021478315,0.3702738530116983,0.11571327364934242
2022-05-15,86,3.031671209852891,78.917988155827,0.27429016433973663,0.10641845101105936
2022-05-16,91,5.933104985459073,91.63058866630655,0.2677423020786921,0.15538501996406928
2022-05-17,112,6.993399979303114,90.20827824919421,0.5476694491537214,0.15595966297584055
2022-05-18,101,5.580212781033804,93.321159176985,0.4083037387036046,0.1340214735482666
2022-05-19,112,6.636470637778951,52.980866267232955,0.4402622020918334,0.05
2022-05-20,81,8.018405668551148,84.60252765198724,0.23103498155092397,0.1452412754586759
2022-05-21,101,6.535564319160472,56.999368836088145,0.3811039611583645,0.05795934861067406
2022-05-22,99,5.373962893462593,70.79092840092055,0.4340573360406685,0.08212797772923756
2022-05-23,112,6.56763271112713,77.42942075273442,0.5200662844367204,0.111281857024068
2022-05-24,99,5.217331749645337,70.13697423734153,0.40977104926940194,0.08238733209521956
2022-05-25,104,5.035854564927433,75.98058379015038,0.3921215522492394,0.11333725403581871
2022-05-26,80,4.472878646429401,99.82631543993097,0.2,0.168055741185909
2022-05-27,110,7.3451200382481625,56.760865685642734,0.4770680681949458,0.077834800469267
2022-05-28,90,3.772357001086998,83.77280226682129,0.34283512401212785,0.12448881599604923
2022-05-29,89,7.298551587017174,69.80004831928076,0.3738688543902745,0.08313607629297085
2022-05-30,108,5.749796185610557,56.65048994536644,0.43974141241285625,0.05
2022-05-31,92,3.0,57.936838168715475,0.37384240723288403,0.05
2022-06-01,67,5.551473939487132,97.46365531228085,0.2,0.14820451093607798
2022-06-02,99,3.0,93.9800748355881,0.33029052994538555,0.1629349339079022
2022-06-03,101,5.938262025246553,95.3520980207511,0.3620610771906613,0.1727790296106861
2022-06-04,85,6.327847224483486,99.57663879136933,0.2,0.18570122567551856
2022-06-05,111,4.11146606652192,60.415769500425895,0.430820580510621,0.05345867543688433
2022-06-06,90,5.185321543933373,67.7719668682031,0.3206499456068899,0.06542233263735177
2022-06-07,93,7.93123615062543,83.46095149624333,0.31929661511360696,0.13520286384630276
2022-06-08,102,4.241379943607095,74.19012699303237,0.4389702698802555,0.1021950884449727
2022-06-09,109,3.411638619415099,70.91947666891667,0.5245236343060756,0.06930442280600048
2022-06-10,117,7.222495103693898,67.89056246677966,0.5832808496586267,0.06446646975630033
2022-06-11,88,7.943880785796193,79.68903159717262,0.3128881588075187,0.12651543864268958
2022-06-12,109,5.005543507771771,78.77967143200411,0.4865233856878865,0.1099491562945958
2022-06-13,87,6.517194553112534,58.07289170321201,0.21065033058471277,0.058160282039345784
2022-06-14,90,7.0122138732963215,73.58699187592195,0.35289070904103986,0.11310723142939283
2022-06-15,105,3.886273651192424,77.67358881049249,0.4205443933609437,0.10882819280975167
2022-06-16,98,4.272041246948198,78.51434693656952,0.3332201850618787,0.10949094509688878
2022-06-17,83,6.846311769732102,60.50535964561759,0.2211041062097801,0.07770295166638036
2022-06-18,110,7.527521418062764,87.11356961261434,0.45435945403517436,0.1337886181200237
2022-06-19,104,5.844321290261532,51.259954741053484,0.4191284809005284,0.05
2022-06-20,114,3.6802784697469186,67.74159277715813,0.5572026960781734,0.07789155431357841
2022-06-21,89,7.980591667549161,89.01063242678168,0.3074170869623064,0.14453923275728847
2022-06-22,102,4.203543653282053,78.19464605277011,0.3751084966787186,0.09057295033789671
2022-06-23,83,4.497293328242822,63.05812162554301,0.20561473135256278,0.054201410253087126
2022-06-24,90,5.5135067517344325,84.74765596715238,0.35371665023851223,0.12519508723497638
2022-06-25,110,7.331240631072161,78.36954720780366,0.5248200058866971,0.1292990394137961
2022-06-26,106,6.280963964828335,89.81218047281936,0.5637532519674271,0.14469597340568882
2022-06-27,99,5.622298250542865,86.75125930949116,0.4490064086870764,0.12980178399837577
2022-06-28,99,5.694932795177159,80.50539610181173,0.447214653427997,0.11387451491437539
2022-06-29,100,5.065272002965199,74.40888376554071,0.3306065724772099,0.10973933465299024
2022-06-30,95,5.837209271777759,56.65910628337617,0.3881930175816712,0.05
2022-07-01,106,3.0,63.06665089426919,0.4573446599151545,0.05240744242923845
2022-07-02,85,4.5550888113953025,70.95497364585427,0.22245090982308752,0.0845403100075288
2022-07-03,88,5.361982902375171,79.96496435031943,0.2884007670266264,0.1296254109060994
2022-07-04,98,3.2734788745707393,75.68539276076524,0.42726057673057416,0.085931855389117
2022-07-05,104,5.57948497671734,64.40922629797647,0.4650415795502106,0.08428018668691717
2022-07-06,96,4.6932931685208175,50.32321788948553,0.31607630993289704,0.05
2022-07-07,99,7.633213547473235,74.8119610950407,0.42712294567963105,0.1109977572027348
2022-07-08,104,7.359529587822284,64.28129942811215,0.4081206228962018,0.1046505512027907
2022-07-09,105,4.301291646322756,86.73041503552676,0.4608341559482143,0.12114130844020812
2022-07-10,106,4.773743432649957,51.19731326352417,0.4448324966261433,0.05
2022-07-11,89,4.889078651587411,79.24139056528955,0.27905668741321876,0.09984525256216571
2022-07-12,91,4.322510785760566,97.07371187530327,0.34831214875202554,0.17235830926007437
2022-07-13,93,5.29253747604219,58.72046335557498,0.2779903140092051,0.06951596678345268
2022-07-14,106,3.8625768966686147,73.58247453752978,0.5572597537138466,0.1067595359099788
2022-07-15,94,3.3040769975937105,54.57109959085691,0.2489456965352752,0.05
2022-07-16,104,5.934066835850403,81.28409561306763,0.41011661583725717,0.12154641634049528
2022-07-17,113,5.944294376332716,77.52658402981127,0.5485105944970871,0.10864881419619896
2022-07-18,109,3.7935263605100116,70.36827621064162,0.5192157083217654,0.0633607627095343
2022-07-19,93,6.343033146143899,76.06885107368706,0.32497621397141474,0.1302804543035986
2022-07-20,105,4.052633406252003,94.8287329234505,0.4471304648499229,0.15943914658309621
2022-07-21,86,5.379747857056972,59.814715115553355,0.28052750426638084,0.0514233155832501
2022-07-22,99,6.230516018918684,51.12822558526736,0.378446526127116,0.05
2022-07-23,101,4.949581152944431,93.08324423495505,0.4796590628967453,0.1442699933019873
2022-07-24,98,5.682111368211702,78.85585411939533,0.4219674557115801,0.11904433954147126
2022-07-25,93,4.225355534168642,94.53292277309211,0.37364121755028173,0.15299925464721117
2022-07-26,94,4.705300124857854,79.84726117065863,0.29169216383147917,0.11945505553506816
2022-07-27,108,4.69121085367949,90.50805449798511,0.4760305787797149,0.1443444823704916
2022-07-28,107,3.8801324801896415,71.4836681677574,0.45497670256396483,0.06934238799310817
2022-07-29,111,4.734838755326327,87.49299656441343,0.45971993121552673,0.13690894719657232
2022-07-30,113,3.0,95.6520733444928,0.5480082091972883,0.16244486145223203
2022-07-31,106,4.263269379286843,78.60614818611032,0.4331177121110092,0.10684262739622531
2022-08-01,84,4.572686759945494,59.03925752811898,0.27277019149251186,0.057732357599975276
2022-08-02,94,4.61573037125693,63.43988075150991,0.28649042185528345,0.05294299925407385
2022-08-03,94,4.637753831193832,59.93222884487029,0.4259520306420911,0.052722847757881504
2022-08-04,107,4.907353700209806,62.342851379786644,0.42518336707039694,0.05532021808952319
2022-08-05,115,5.7191622771290955,65.32077246755182,0.5609651168600218,0.08202793718934803
2022-08-06,105,6.311775611198784,77.75668933765942,0.4895929655194034,0.11514386169159216
2022-08-07,115,4.0253521597276,79.39958147319163,0.5214679784899944,0.11522624198157903
2022-08-08,83,3.195198716916283,71.32498736209305,0.27262343217164753,0.09082805993243924
2022-08-09,109,3.4369333816353453,80.77103899104176,0.4285408201099792,0.1164139696325159
2022-08-10,112,4.269195618207609,54.078746280568296,0.592605884959128,0.05
2022-08-11,103,4.472118023275236,54.389411852908,0.43070746324828796,0.05
2022-08-12,105,3.845005900703814,58.59147301788292,0.420179429601556,0.05
2022-08-13,114,3.0558250036251584,75.90387490201724,0.5250409113786283,0.08765984570401918
2022-08-14,100,4.315818758788717,60.69973393491568,0.440445963469636,0.05023765603164836
2022-08-15,94,5.272139930170957,64.16422017462887,0.3107772354074781,0.06510801866723888
2022-08-16,109,5.892544198753347,70.0156418086497,0.45253211552886113,0.07971039067189341
2022-08-17,115,4.163865420337518,90.59330620051898,0.5389231701208131,0.12302585981190466
2022-08-18,103,4.380503266784849,50.693106795643004,0.37115189436150164,0.05
2022-08-19,103,3.609952536729034,82.46894101183112,0.5210271953970909,0.11739038023838014
2022-08-20,92,4.952841244437836,83.44382655203427,0.29168027043926387,0.11161391542401708
2022-08-21,85,3.7273570487137784,89.93278901783182,0.2915808393090202,0.1385919746617806
2022-08-22,100,5.8596917198618,96.63764695301566,0.41047350418238865,0.18821408370146564
2022-08-23,123,3.0,51.006892447464494,0.5807732974759016,0.05
2022-08-24,107,4.460555491321307,57.68918527566081,0.46970226453936353,0.06180574837479426
2022-08-25,104,5.451661008787613,94.30856470279966,0.4792001389655374,0.1640952779216643
2022-08-26,92,5.275751774483757,72.92592810935076,0.3105869332456847,0.10683164143033554
2022-08-27,99,9.039550495970744,78.22953194667318,0.4496556472925514,0.12264670101519538
2022-08-28,87,5.524700036851861,83.15136018615738,0.32107576963909323,0.12063417807251159
2022-08-29,99,3.4939181047369847,83.95333022478187,0.4359457427329165,0.0919381791366558
2022-08-30,103,4.85680362936639,96.58702016582541,0.4070171613863502,0.17590653338473117
2022-08-31,91,3.0,99.84747087058349,0.2560078776109257,0.17994565240994936
2022-09-01,91,4.879100376054859,86.00787304654702,0.27932061973186034,0.12688734856644265
2022-09-02,85,3.750415914498862,64.36106046025753,0.25981204703333605,0.059295743889294567
2022-09-03,110,6.373085413340243,93.98762011471717,0.5272893356766177,0.1562896662739431
2022-09-04,100,4.175689588106698,52.46104572703808,0.29142142976197766,0.05
2022-09-05,119,4.82485112630713,61.55404264372481,0.5895943399194126,0.07003570901574249
2022-09-06,83,4.046663237893394,94.86928587318575,0.23790446126615922,0.13741345407021383
2022-09-07,86,7.608277027779997,62.80957572196775,0.24612278718422242,0.08056449761122576
2022-09-08,100,4.518135850823133,61.03255298108742,0.46456369195079394,0.052921620480186476
2022-09-09,100,7.748835565218803,56.906264657012365,0.42108900371254354,0.06059691571679802
2022-09-10,93,6.2212276431774,92.95558788234582,0.39550959540404484,0.16456284187966738
2022-09-11,98,5.723100091003079,75.00291295955434,0.3692019739824884,0.1017422149459502
2022-09-12,116,5.553099720976279,83.74466015270774,0.6068738746253463,0.12796361052894684
2022-09-13,103,5.590695947324377,61.953319203751484,0.511753319726376,0.06167468567232995
2022-09-14,110,3.0,87.90202105056082,0.5655846724636331,0.1384092251695653
2022-09-15,104,4.5816749087738655,88.00027724810492,0.3853929203285633,0.14109680588945905
2022-09-16,92,6.267736956776482,65.629901245415,0.30731619612288097,0.08043422389750103
2022-09-17,103,4.926654224788842,70.53413165051414,0.41274176472751023,0.07352614886456381
2022-09-18,86,3.0,60.484513871510046,0.2844627267538164,0.05
2022-09-19,99,4.9213933241337955,98.82805116614522,0.42431767775072665,0.18007781172249637
2022-09-20,86,7.556158274383237,82.28012885292058,0.2180553662987132,0.13499814366191717
2022-09-21,108,6.870337573302079,96.72719403577577,0.48339192569584694,0.1811285846697291
2022-09-22,83,4.906993985950953,65.16927718145666,0.2,0.08770791947740111
2022-09-23,120,6.4271739155871295,89.09454564984449,0.6720972502900946,0.1598055672195573
2022-09-24,105,4.450239469447922,88.2929321942371,0.4243812879661653,0.13806157730694832
2022-09-25,103,3.0,84.58278259332707,0.4327931969922249,0.11363845607802393
2022-09-26,104,3.6133010178056684,98.28194876334001,0.4245175143005969,0.1373768554184894
